Title,Slug,Category,Year,Info,Image 1,Image Caption,Content 1 - Aspect Ratio,Image 2,Image Caption 2,Content 2 - Aspect Ratio,Image 3,Image Caption 3,Content 3 - Aspect Ratio,Image 4,Image Caption 4,Content 4 - Aspect Ratio,Image 5,Image Caption 5,Content 5 - Aspect Ratio,Image 6,Image Caption 6,Content 6 - Aspect Ratio
Orbis,orbis,"Branding, Motion",2025,"A Orbis nasce como um núcleo de inovação, inaugurado na Design Week 2025, em São Paulo, com o propósito de criar experiências transformadoras. O projeto atua na interseção entre narrativas digitais, inteligência artificial, Web3, mobilidade e educação, desenvolvendo experiências imersivas que moldam o futuro.",https://framerusercontent.com/images/64vAqRCnOGKEZ57grcuMV69e0.jpg,ORB_01.JPG,4x5,https://framerusercontent.com/images/VEMX3vsSu9fF7vFFghzyNj3AU.jpg,ORB_02.JPG,4x3,https://framerusercontent.com/images/Lv0v4SWBbiYRIy19xRjqyOzmK5o.jpg,ORB_03.JPG,4x3,https://framerusercontent.com/images/k0QK21SOTg7x4oYVN972nEnRE.jpg,ORB_04.JPG,4x3,https://framerusercontent.com/images/tY1N391KBFGTyUEnpjFVV6G3jI.jpg,ORB_05.JPG,4x3,,,
Ema Studio,ema-studio,Branding,2025,"A Ema Studio é uma produtora audiovisual que traduz criatividade em movimento. O nome carrega leveza, ritmo e brasilidade, remetendo ao pássaro que, embora não voe, percorre grandes distâncias com personalidade única. A identidade combina uma tipografia amigável e de leitura direta com o ícone ilustrado da ema, criando uma marca lúdica e fácil de reconhecer.",https://framerusercontent.com/images/doBXAmpt2Vp9ryROgDdZQSgDI.jpg,EMA_01.JPG,4x5,https://framerusercontent.com/images/8fedU2sdkaY6fUXXDrQnH3YTas.jpg,EMA_02.JPG,1x1,https://framerusercontent.com/images/5TcupH7eO5gRuMuxeD9wBzwwXc.jpg,EMA_03.JPG,4x3,https://framerusercontent.com/images/VNVY2WddnmcrAnMhU3tl2Gj8A.jpg,EMA_04.JPG,4x3,,,,,,
Easy Diagnostics,easy-diagnostics,Branding,2024,"A Easy Diagnostics surgiu com o objetivo de liderar inovações no campo dos diagnósticos, transformando a forma como o mercado de saúde, bem-estar e estética se conecta com seus clientes no Brasil e no mundo. A logomarca reflete essa visão, com elementos que transmitem modernidade e inovação.",https://framerusercontent.com/images/aQ8msFKEMLxyuv4ywdoNAzfpI28.jpg,EDX_01.JPG,4x5,https://framerusercontent.com/images/kRA4TI9eZwJJjmTYwe5LvHLR0o.jpg,EDX_02.JPG,4x3,https://framerusercontent.com/images/Lwo81sXJimbmnAKZ7YqFfPBqn8.jpg,EDX_03.JPG,4x3,https://framerusercontent.com/images/4Y4j15cE4KcUjLpUZpkpgHWsXbc.jpg,EDX_04.JPG,4x3,,,,,,
Clínica LYS,clinica-lys,Rebranding,2024,"Rebranding da Clinic LYS e do Institute LYS. O ícone foi projetado para transmitir sofisticação e exclusividade: um monograma elegante em que as letras L, Y e S se entrelaçam de forma harmoniosa, criando uma identidade forte e marcante.",https://framerusercontent.com/images/SswiMlpcoRgdm2VXOycgb7bQkis.jpg,LYS_01.JPG,4x5,https://framerusercontent.com/images/iSBgxIYRN6Ra0XdMyoRBFyEwvQA.jpg,LYS_02.JPG,4x3,https://framerusercontent.com/images/ScbwW3njy5xVXWpJt3LnVa5EA.jpg,LYS_03.JPG,4x3,https://framerusercontent.com/images/ruiqJfUMbBlcdE7S0efuqbrPd0.jpg,LYS_04.JPG,4x3,https://framerusercontent.com/images/1YlsELsItNmgVNEqATt96kycNOw.jpg,LYS_05.JPG,4x3,,,
Botteh Tapetes,botteh-tapetes,Ilustração,2024,"Ilustração de texturas e bolsas para a Bravio Studio, em parceria com a Botteh Tapetes. As estampas foram desenvolvidas para dialogar com a materialidade dos produtos, unindo desenho autoral e aplicação em peças físicas.",https://framerusercontent.com/images/N3VBDDMjTNS3XkVzE9G5MBGPQ.jpg,BTH_01.JPG,4x5,https://framerusercontent.com/images/YxJXAuuNnHmjwHB3r92VRivxpc.jpg,BTH_02.JPG,4x3,,,,,,,,,,,,
Aysù,aysu,Identidade visual,2023,"A nova identidade visual da Aysù foi criada para conectar a marca ao público europeu, com um toque descontraído e refinado. Marca brasileira agora disponível em Paris, a Aysù combina a essência latina com o cenário europeu, levando a autenticidade do Brasil além das fronteiras.",https://framerusercontent.com/images/THvxkjpfh76YJaiavsT0ubQWtY.jpg,AYS_01.JPG,4x5,https://framerusercontent.com/images/QbHdfcOEXrbupcNsNmsJnk70ZYE.jpg,AYS_02.JPG,4x3,https://framerusercontent.com/images/NiS7jLnWpFSx66BeFGY14HKa9sA.jpg,AYS_03.JPG,4x3,https://framerusercontent.com/images/NTGjWHN0WdigYg2NMeou628sos.jpg,AYS_04.JPG,4x3,,,,,,
Mescla,mescla,"Rebranding, Direção de arte",2023,"Rebranding da marca de slow fashion Mescla. A mudança foi motivada pelo novo momento da marca, em expansão e buscando se posicionar de forma mais impactante e leve. A nova identidade visual foi desenvolvida com ilustrações em aquarela e intervenções de pintura digital.",https://framerusercontent.com/images/Imv5lxlMc4Mvtiqf97a5nc.jpg,MSC_01.JPG,4x5,https://framerusercontent.com/images/SdmLA3M0qiEo1kZXSAqOpYzgmps.jpg,MSC_02.JPG,4x3,https://framerusercontent.com/images/vJOME45gDyMdzV579ItqICttDQ.jpg,MSC_03.JPG,4x3,https://framerusercontent.com/images/x6lqXPWvw7mqfDCXxufeIRJHSHA.jpg,MSC_04.JPG,4x3,,,,,,
Flávia Aranha,flavia-aranha,Design gráfico,2023,"Peças gráficas para a marca Flávia Aranha, incluindo e-mails de marketing e artes para campanhas. Os visuais refletem a proposta de moda sustentável e artesanal da marca, com campanhas pensadas para engajar o público e comunicar novidades e valores de forma coesa nas plataformas digitais.",https://framerusercontent.com/images/z4jZr1EW6plmyJRu3jXBjp1c.jpg,FLA_01.JPG,4x5,https://framerusercontent.com/images/vqYQtm9pAMGtlGKuMHSlFzINs.jpg,FLA_02.JPG,4x3,,,,,,,,,,,,
Surrealismo Tropical,surrealismo-tropical,Direção criativa,2022,"Moodboard para a campanha da Mescla, uma celebração do Carnaval sob o tema Surrealismo Tropical. A campanha explora a fusão entre elementos oníricos e a riqueza cultural brasileira, com cores intensas, formas inusitadas e uma estética que mistura o real e o imaginário.",https://framerusercontent.com/images/wgI9aJFpvwkv65gFhLIVv8JQys.jpg,SRT_01.JPG,4x5,https://framerusercontent.com/images/EUYkk3wV0lLCkeSewBdq4Zr23Bo.jpg,SRT_02.JPG,4x3,https://framerusercontent.com/images/j4hmT7FeBLRQXG0EBCxxE3uqUlY.jpg,SRT_03.JPG,4x3,https://framerusercontent.com/images/s9IM3pQv2i9M6TkfoQWtaVftk6s.jpg,SRT_04.JPG,4x3,https://framerusercontent.com/images/rJGQWDzGtRX5Vm05R2Ep0YIjJVU.jpg,SRT_05.JPG,4x3,https://framerusercontent.com/images/L7RntvMtPj4T1sgbgwrTtikRhQ.jpg,SRT_06.JPG,4x3
Best Amuse,best-amuse,Identidade visual,2022,"A logomarca da Best Amuse foi criada para refletir sofisticação e modernidade, incorporando o encanto atemporal da roda-gigante e do carrossel. O ícone central simboliza a diversão que a empresa oferece, tornando a marca tão memorável quanto as experiências vividas nos brinquedos.",https://framerusercontent.com/images/cVvdR63417XRy28KGQFEqLOkCg.jpg,BAM_01.JPG,4x5,https://framerusercontent.com/images/xckhrm58PIRIVihyQ4hUp1KA.jpg,BAM_02.JPG,4x3,https://framerusercontent.com/images/yoSzfvXFuhykv1XlkaLTqOqZhj8.jpg,BAM_03.JPG,4x3,https://framerusercontent.com/images/vBMNK51iYgDnPEH4Wh4Q64bnzk.jpg,BAM_04.JPG,4x3,,,,,,
